song_title,song_url
天外来物,https://www.mulanci.org/lyric/sl275270/
迟迟,https://www.mulanci.org/lyric/sl307055/
把你揉碎捏成苹果,https://www.mulanci.org/lyric/sl307056/
野心,https://www.mulanci.org/lyric/sl307057/
彩券,https://www.mulanci.org/lyric/sl307058/
不爱我,https://www.mulanci.org/lyric/sl307059/
潘金莲,https://www.mulanci.org/lyric/sl307060/
耗尽,https://www.mulanci.org/lyric/sl307061/
纸船电视剧天醒之路片尾曲,https://www.mulanci.org/lyric/sl307062/
把你揉碎捏成苹果,https://www.mulanci.org/lyric/sl306967/
野心,https://www.mulanci.org/lyric/sl306877/
耗尽,https://www.mulanci.org/lyric/sl306760/
彩券,https://www.mulanci.org/lyric/sl306470/
不爱我,https://www.mulanci.org/lyric/sl275359/
纸船,https://www.mulanci.org/lyric/sl274810/
木偶人,https://www.mulanci.org/lyric/sl275052/
慢半拍,https://www.mulanci.org/lyric/sl275053/
这么久没见,https://www.mulanci.org/lyric/sl275054/
笑场,https://www.mulanci.org/lyric/sl275055/
病态,https://www.mulanci.org/lyric/sl275056/
尘,https://www.mulanci.org/lyric/sl275057/
陪你去流浪,https://www.mulanci.org/lyric/sl275058/
配合,https://www.mulanci.org/lyric/sl275059/
环,https://www.mulanci.org/lyric/sl275060/
聊表心意,https://www.mulanci.org/lyric/sl275061/
配合,https://www.mulanci.org/lyric/sl275062/
陪你去流浪,https://www.mulanci.org/lyric/sl275063/
尘,https://www.mulanci.org/lyric/sl275064/
病态,https://www.mulanci.org/lyric/sl275065/
笑场,https://www.mulanci.org/lyric/sl275066/
这么久没见,https://www.mulanci.org/lyric/sl275067/
慢半拍,https://www.mulanci.org/lyric/sl275068/
天份,https://www.mulanci.org/lyric/sl201816/
违背的青春,https://www.mulanci.org/lyric/sl201817/
最好,https://www.mulanci.org/lyric/sl201818/
了表心意,https://www.mulanci.org/lyric/sl201819/
怪咖 杨迪,https://www.mulanci.org/lyric/sl201820/
怪咖,https://www.mulanci.org/lyric/sl201821/
那是你离开了北京的生活,https://www.mulanci.org/lyric/sl201822/
醒来 Live,https://www.mulanci.org/lyric/sl201823/
肆无忌惮,https://www.mulanci.org/lyric/sl201824/
摩天大楼,https://www.mulanci.org/lyric/sl201825/
动物世界,https://www.mulanci.org/lyric/sl201826/
暧昧,https://www.mulanci.org/lyric/sl201827/
像风一样,https://www.mulanci.org/lyric/sl201828/
高尚,https://www.mulanci.org/lyric/sl201829/
骆驼,https://www.mulanci.org/lyric/sl201830/
别,https://www.mulanci.org/lyric/sl201831/
火星人来过,https://www.mulanci.org/lyric/sl201832/
背过手,https://www.mulanci.org/lyric/sl201833/
渡,https://www.mulanci.org/lyric/sl201834/
我害怕,https://www.mulanci.org/lyric/sl201835/
狐狸,https://www.mulanci.org/lyric/sl201836/
别,https://www.mulanci.org/lyric/sl201837/
暧昧,https://www.mulanci.org/lyric/sl201838/
高尚,https://www.mulanci.org/lyric/sl201839/
动物世界,https://www.mulanci.org/lyric/sl201840/
我害怕,https://www.mulanci.org/lyric/sl201841/
高尚,https://www.mulanci.org/lyric/sl201842/
动物世界,https://www.mulanci.org/lyric/sl201843/
火星人来过,https://www.mulanci.org/lyric/sl201844/
爱我的人谢谢你,https://www.mulanci.org/lyric/sl201845/
来日方长 黄龄,https://www.mulanci.org/lyric/sl201846/
初学者,https://www.mulanci.org/lyric/sl201847/
刚刚好,https://www.mulanci.org/lyric/sl201848/
我好像在哪见过你,https://www.mulanci.org/lyric/sl201849/
演员,https://www.mulanci.org/lyric/sl201850/
绅士,https://www.mulanci.org/lyric/sl201851/
一半,https://www.mulanci.org/lyric/sl201852/
小孩,https://www.mulanci.org/lyric/sl201853/
Stay Here,https://www.mulanci.org/lyric/sl201854/
花儿和少年,https://www.mulanci.org/lyric/sl201855/
下雨了,https://www.mulanci.org/lyric/sl201856/
我好像在哪见过你,https://www.mulanci.org/lyric/sl201857/
小孩,https://www.mulanci.org/lyric/sl201858/
一半,https://www.mulanci.org/lyric/sl201859/
演员,https://www.mulanci.org/lyric/sl201860/
绅士,https://www.mulanci.org/lyric/sl201861/
下雨了,https://www.mulanci.org/lyric/sl201862/
丑八怪,https://www.mulanci.org/lyric/sl201863/
意外,https://www.mulanci.org/lyric/sl201864/
你还要我怎样,https://www.mulanci.org/lyric/sl201865/
有没有,https://www.mulanci.org/lyric/sl201866/
潮流季,https://www.mulanci.org/lyric/sl201867/
等我回家,https://www.mulanci.org/lyric/sl201868/
我想起你了,https://www.mulanci.org/lyric/sl201869/
其实,https://www.mulanci.org/lyric/sl201870/
方圆几里,https://www.mulanci.org/lyric/sl201871/
我知道你都知道,https://www.mulanci.org/lyric/sl201872/
几个你,https://www.mulanci.org/lyric/sl201873/
伏笔,https://www.mulanci.org/lyric/sl201874/
为什么,https://www.mulanci.org/lyric/sl201875/
我终于成了别人的女人,https://www.mulanci.org/lyric/sl201876/
敷衍,https://www.mulanci.org/lyric/sl201877/
我们爱过就好 黄龄,https://www.mulanci.org/lyric/sl201878/
楚河汉界,https://www.mulanci.org/lyric/sl201879/
为了遇见你,https://www.mulanci.org/lyric/sl201880/
未完成的歌,https://www.mulanci.org/lyric/sl201881/
我的雅典娜,https://www.mulanci.org/lyric/sl201882/
爱我的人 谢谢你,https://www.mulanci.org/lyric/sl201883/
传说,https://www.mulanci.org/lyric/sl201884/
深深爱过你前世版,https://www.mulanci.org/lyric/sl201885/
Let You Go,https://www.mulanci.org/lyric/sl201886/
给我的爱人,https://www.mulanci.org/lyric/sl201887/
我们的世界,https://www.mulanci.org/lyric/sl201888/
流星的眼泪,https://www.mulanci.org/lyric/sl201889/
星河之役,https://www.mulanci.org/lyric/sl201890/
深深爱过你今生版,https://www.mulanci.org/lyric/sl201891/
梦开始的原点,https://www.mulanci.org/lyric/sl201892/
传说,https://www.mulanci.org/lyric/sl201893/
苏黎世的从前,https://www.mulanci.org/lyric/sl201894/
你过得好吗,https://www.mulanci.org/lyric/sl201895/
爱情宣判,https://www.mulanci.org/lyric/sl201896/
朋友你们还好吗,https://www.mulanci.org/lyric/sl201897/
爱的期限,https://www.mulanci.org/lyric/sl201898/
马戏小丑,https://www.mulanci.org/lyric/sl201899/
倾城,https://www.mulanci.org/lyric/sl201900/
丢手绢,https://www.mulanci.org/lyric/sl201901/
续雪,https://www.mulanci.org/lyric/sl201902/
续雪,https://www.mulanci.org/lyric/sl201903/
你过的好吗,https://www.mulanci.org/lyric/sl201904/
王子归来,https://www.mulanci.org/lyric/sl201905/
认真的雪,https://www.mulanci.org/lyric/sl201906/
红尘女子,https://www.mulanci.org/lyric/sl201907/
爱不走,https://www.mulanci.org/lyric/sl201908/
快乐帮,https://www.mulanci.org/lyric/sl201909/
我的show,https://www.mulanci.org/lyric/sl201910/
黄色枫叶,https://www.mulanci.org/lyric/sl201911/
钗头凤,https://www.mulanci.org/lyric/sl201912/
memory,https://www.mulanci.org/lyric/sl201913/
商圣范蠡,https://www.mulanci.org/lyric/sl201914/
千言万语,https://www.mulanci.org/lyric/sl201915/
哑巴,https://www.mulanci.org/lyric/sl201916/
天后,https://www.mulanci.org/lyric/sl201917/
怪咖Live 杨迪,https://www.mulanci.org/lyric/sl201918/
因为爱情,https://www.mulanci.org/lyric/sl201919/
一半Live 毛不易,https://www.mulanci.org/lyric/sl201920/
独角戏,https://www.mulanci.org/lyric/sl201921/
